{
    "providers":
    [
        {
            "type":"bitmap",
            "file":"minecraft:prefix/0_sephirah.png",
            "ascent":8,
            "height":8,
            "chars":["🟬"]
        },
        {
            "type":"bitmap",
            "file":"minecraft:prefix/1_developer.png",
            "ascent":8,
            "height":8,
            "chars":["🟭"]
        },
        {
            "type":"bitmap",
            "file":"minecraft:prefix/2_seraphine.png",
            "ascent":8,
            "height":8,
            "chars":["🟮"]
        },
        {
            "type":"bitmap",
            "file":"minecraft:prefix/3_virtue.png",
            "ascent":8,
            "height":8,
            "chars":["🟯"]
        },
        {
            "type":"bitmap",
            "file":"minecraft:prefix/4_arbitro.png",
            "ascent":8,
            "height":8,
            "chars":["🟱"]
        },
        {
            "type":"bitmap",
            "file":"minecraft:prefix/5_guardian.png",
            "ascent":8,
            "height":8,
            "chars":["🟲"]
        },
        {
            "type":"bitmap",
            "file":"minecraft:prefix/6_mod.png",
            "ascent":8,
            "height":8,
            "chars":["🟳"]
        },
        {
            "type":"bitmap",
            "file":"minecraft:prefix/7_builder.png",
            "ascent":8,
            "height":8,
            "chars":["🟴"]
        },
        {
            "type":"bitmap",
            "file":"minecraft:prefix/9_passcode.png",
            "ascent":8,
            "height":8,
            "chars":["🟵"]
        },
        {
            "type":"bitmap",
            "file":"minecraft:prefix/10_default.png",
            "ascent":8,
            "height":8,
            "chars":["🟶"]
        },
        {
            "type":"bitmap",
            "file":"minecraft:prefix/11_partner.png",
            "ascent":8,
            "height":8,
            "chars":["🟷"]
        },
        {
            "type":"bitmap",
            "file":"minecraft:prefix/12_streamer.png",
            "ascent":8,
            "height":8,
            "chars":["🟸"]
        },
        {
            "type":"bitmap",
            "file":"minecraft:prefix/13_youtuber.png",
            "ascent":8,
            "height":8,
            "chars":["🟹"]
        },
        {
            "type":"bitmap",
            "file":"minecraft:prefix/14_tiktoker.png",
            "ascent":8,
            "height":8,
            "chars":["🟺"]
        }
    ]
}
